Analytics,Last Updated: 180713,,,,,,,,,,,,,,,,,,,,,,,,,
,Count,standards-Load Materials,standards-Set Template,standards-Load GH Components,standards-Load ACADSchemes,standards-Load Styles,standards-Load Display Modes,standards-All,layers-10000,layers-0,layers-1000,layers-2000,layers-3000,layers-4000,layers-5000,layers-6000,layers-7000,layers-8000,layers-9000,blocks-iterate,blocks-Make Unique,blocks-Super Explode,blocks-Rename Block,blocks-Populate,layers-None,Help,blocks-Reset Block Scale,blocks-Export and Link Block,architecture-ramp,architecture-stair,colors-Color Objs Random Range,colors-Color Objs With Gradient 2Pt,colors-Object Color To Material,output-Capture Display Modes,IO-Add Area Tag
Tim,0,0,0,0,0,0,0,0,0,0,0,0,0,0,0,0,0,0,0,0,0,0,0,0,,
twilliams,,9,1,1,2,1,9,2,14,14,2,10,17,,8,1,5,5,,37,11,7,,44,1,15,20,5,9,5
srestrepo,,,,,,,,,,1,,,,,,1,,,,,,,,,,
mchew,,1,,,,,,1,1,,,,,,,,1
kbiczykowski,,1,1,,,,,,2,,,,,,,,2
vmiller,,,,,,,,,,1,,,1,1,,,,1,,1
astagge,,1,,,,,11,,1,,,,,,,,,,,,,,,1
jchang,,,,,,,,,1
rsteenblik,,,,1
wanrsqjwdptgkljcpwqu,,,,,,,,,,,,,,,,,,,,,,,,,,,,,,,2,3,2,1,1
