Analytics,Last Updated: 180711,,,,,,,,,,,,,,,,,,,,,,,,,
,Count,standards-Load Materials,standards-Set Template,standards-Load GH Components,standards-Load ACADSchemes,standards-Load Styles,standards-Load Display Modes,standards-All,layers-10000,layers-0,layers-1000,layers-2000,layers-3000,layers-4000,layers-5000,layers-6000,layers-7000,layers-8000,layers-9000,blocks-iterate,blocks-Make Unique,blocks-Super Explode,blocks-Rename Block,blocks-Populate,layers-None,Help,blocks-Reset Block Scale,blocks-Export and Link Block
Tim,0,0,0,0,0,0,0,0,0,0,0,0,0,0,0,0,0,0,0,0,0,0,0,0,,
twilliams,,9,1,1,1,1,9,2,13,14,2,10,17,,8,,5,5,,36,9,5,,35,1,9,16,4
srestrepo,,,,,,,,,,1,,,,,,1,,,,,,,,,,
mchew,,1,,,,,,1,1,,,,,,,,1
kbiczykowski,,1,1,,,,,,2,,,,,,,,2
vmiller,,,,,,,,,,1,,,1,1,,,,1,,1
astagge,,1,,,,,11,,1,,,,,,,,,,,,,,,1
jchang,,,,,,,,,1
rsteenblik,,,,1
