Analytics,Last Updated: 181203,,Start Date,180806,,,,,,,,,,,,,,,,,,,,,,,,,,,,,,,,,,,,,,,,,,,,,,,,
,Count,standards-Load Materials,standards-Set Template,standards-Load GH Components,standards-Load ACADSchemes,standards-Load Styles,standards-Load Display Modes,standards-All,layers-10000,layers-0,layers-1000,layers-2000,layers-3000,layers-4000,layers-5000,layers-6000,layers-7000,layers-8000,layers-9000,blocks-iterate,blocks-Make Unique,blocks-Super Explode,blocks-Populate,Help,blocks-Reset Block Scale,blocks-Export and Link Block,architecture-ramp,colors-Color Objs Random Range,colors-Color Objs With Gradient 2Pt,colors-Object Color To Material,IO-Capture Display Modes,IO-Import DWG,IO-Export To Render SKP,colors-Color By Size,geometry-Contour At Pt,Drawing-Add Area Tag,Drawing-Dim Pline,colors-Gradient,colors-By Size,colors-Random Range,colors-Color To Material,legacy_random unselect,layers_v1-10000,IO-Export To Render DWG,Drawing-cut Model,Geometry-Rectify,Architecture-Stair,Standards-All,Standards-Load PCPA Aliases,Geometry-Contour At Pt,IO-Import CAD,Geometry-Unfillet,blocks-Create Design Option,geometry-Unfillet
wanrsqjwdptgkljcpwqu,,2,6,3,1,5,,,9,17,10,3,11,7,7,2,16,20,3,279,25,,129,3,3,1,4,,,,47,1,15,,6,12,13,,3,,,,1,9,56,18,11,1,14,67,19,7,17
fsgxpmwwjxogdnviwnfc,,2,1,3,1,2,2,,1,2,,,,,,,,,2,2,2,2,7,5,2,1,3,,,,2,2,1,,2,3,9,2,4,3,2,2,1,,2,4,3,1,,,,
dwygnonunpxefetmowde,,2,1,,,,1,,9,,,,,,,,,,,262,22,,,,,,,,,,2,,,,,8,,,,,,,,,,2,6,1,,,,,,3
hgfyaiwoombazsucqiig,,,1,,,,,,,,,,,,,,,,,,1,,,,,,,,,,,,,,,,,,,,,,,,,,,,,,,
vvjyaznzzoocrtsgsspp,,,,,,,,,,1,,,,1,1,1,,,,,,,,,,,,,,,18,,,,,,,,,,,,,,,,4,,,,,
pgmkdevbzsbsywpizfdw,,1,1,1,1,2,,,,,,,,,,,,,,,,,2,,,,,,,,208,,,,1,1,2,,,,,,,,,,,,,,,
gpmahvpxgdrymgwfcqxl,,,1,,,,2,,1,2,1,2,,,,,,,,,7,1,,1,2,,,,,,,,,,,,,,,,,,,,18,,1,,,,,
nfniggtyhexwjbjeccpu,,,1,,,,,,5,,,,,,,,,,,51,,,,,,,,,,,,,,,,,,,,,,,,,,,,,,,,
mgmguocwcwkeauauicic,,,,1,,,1,,4,1,,,,,,,,,,1,,,,,,,,,,,,,,,,,,,,,,,1,,1,,,,,,,
ftfzluywkwqclpvjvpbk,,,,,,,1,,,,,,,,,,,,,,,,,,,,,,,,,,,,1
sfnrpvjmkxfjhnbekxfj,,,,,,,,,1,,,,,,,,,,,,,,,,,,,,,,,,1,,,,,,,,,,1
